day_of_week,temperature,marketing_spend,is_holiday,competitor,experience,revenue
6,14.097965440196685,100.7946030158865,1,0,2.773092349774473,3252.5934535113342
3,21.112472815899665,256.0155318536622,1,1,1.1913232815764219,2214.260577715729
4,14.799537253881226,726.0955860624008,1,1,1.1520873929498197,2449.968224845292
6,29.83607011362766,592.9629052588216,1,1,3.9848290299273543,2969.5638859916926
2,13.146287474592256,102.21266422519959,0,1,3.636142136814723,2306.9048719343095
4,33.95755491172309,918.7505222607465,1,1,4.20852223251035,2338.8396323824654
4,18.717954848411857,790.0846371240867,1,1,1.4214701358112238,2187.2163037476366
6,30.26069225035944,23.022604787637512,0,0,1.1422834681421934,2241.5410105379874
1,10.83140101984619,651.3672109882461,1,1,3.034317157790314,2526.630929939584
2,17.340617151700357,771.246668519738,0,0,2.550380925931078,3039.5790662855043
6,25.985366323015814,374.43536972042205,1,1,2.847787746683823,2763.9435790118514
2,9.15059277253404,68.92153936721878,0,1,4.966353635481096,2385.6500669784623
2,8.982362667289095,77.32106548878726,0,0,4.882999830682681,2985.3852120069305
4,34.08610601342477,104.2469660518095,0,1,4.769261558692771,1978.3732476918435
3,26.43785312539856,840.439631980423,0,0,4.135370707070695,3312.026192166384
2,6.232025503036274,910.6861982557131,1,0,2.4193654410275616,2962.337946962185
5,16.964627043343835,122.8107818457338,0,0,2.6485237210510864,3003.640007248263
4,18.005622127422264,235.9060345950812,1,0,3.198464174875698,2748.6431079108706
1,27.32127928997346,165.52051036728977,0,1,4.322137825619359,2183.1747683948647
3,12.525815820399835,186.32087949412067,0,1,1.274851330073071,1946.7715798739014
5,10.530010229941102,837.4907890024921,0,0,2.6971875435395525,3689.046376585758
5,7.42618899851593,332.14641265493896,1,1,1.3304706538370747,2391.5145910844963
1,17.84943424820323,311.4442640456412,0,1,3.0586303462940463,2319.963125121158
3,25.65499702296099,227.39562087711263,1,0,4.595603296024942,2612.8598144812245
4,6.745807865253308,607.8943937942587,1,1,4.129939698255752,2751.554393537914
0,32.456411828794415,379.30569838554885,1,0,1.9113696701724399,2214.2669718395036
3,18.270566891933132,744.2496518432888,1,0,4.90396339839517,3300.7839667565436
1,12.193620774722097,205.5798083756375,1,1,3.6694015921857135,2539.4769300674297
5,7.8161987024387525,787.7898887144923,1,1,1.0417107975896123,2543.332426672329
4,10.48597991321922,603.721531730139,1,1,2.021653938740878,2506.2706792139475
3,33.03841992019129,114.26730005568774,1,0,2.042853199679666,2062.011381452797
0,24.148117815300512,414.5045842036277,1,0,1.2770172251434397,2375.5134063222854
0,20.500887722797,863.5181406129569,0,1,4.839306072303716,3037.0998213921434
2,24.713339855005007,922.9602317984849,0,1,2.913021178303695,2715.9391928493446
2,18.07018696033673,465.7001223188132,0,1,4.583258389487527,2958.5619662286313
6,26.901179496854557,480.83697808907357,0,1,2.2888620137785134,2674.259388487551
1,6.431483830749464,918.4547249393012,0,0,1.5009342817313085,2677.357647961251
3,21.981116314822287,587.0682241365672,1,1,2.8973444396248555,2479.801025142876
3,9.75939342927473,32.846670243438346,1,0,1.4558265388572686,2330.029694788702
6,8.604939434169266,912.7494628791288,1,0,2.9440620119101597,3957.024882793918
5,15.256390001492047,248.2264427571519,1,1,4.6811887248776305,3196.345252961606
5,7.753971974403257,577.6319540915472,1,1,3.083072567336851,3090.0217018924204
6,7.824709648056803,165.51331742797382,1,1,3.465998907580334,2880.5238029127977
5,14.342399281738826,33.879160246594985,1,0,1.6265537478952332,2710.825306380023
2,34.38531585864526,311.4731711327574,0,1,1.174942503519878,1769.919309560046
3,10.259908096680157,780.4957075460877,0,1,1.4432318487192282,2211.0624760686037
6,5.514833054952507,277.58717262941815,0,0,3.3941263027374626,3237.687817554549
3,27.90093269011733,220.09721408109706,0,1,1.3800467959692186,1710.8571166872612
0,29.207389311523386,212.68078434122629,1,0,2.5039715597652457,2253.053594080053
2,15.389129632682025,515.1736824068126,1,1,3.200367761832624,3022.563601528811
4,18.940214388188345,975.5413156827562,1,0,2.554611194519388,3127.9605745054123
2,24.4932104792829,458.98898801701307,0,1,1.654735205861206,1965.740078298073
6,6.441767725911012,557.3053688900479,1,1,2.095165230056426,2907.852194010323
4,33.474371947741574,860.632017890734,1,0,4.713270131394308,3191.1990488722195
0,31.600411618941425,535.0697189336586,1,0,3.7039291023454215,2863.1440851915518
6,12.82680870025142,184.46287141885608,0,1,2.984191354719546,2796.7432364377037
1,5.459136208711542,299.59591176647706,1,0,1.050859559947574,2211.1641202158676
3,33.00308924238449,309.93692626861093,0,0,4.969661601957881,2986.9295260841163
0,20.031196517457776,397.31811545759786,0,0,3.685819739578573,2778.689432820955
3,21.181323452001877,426.7889053367494,0,0,2.2676899093797798,2594.0978459715507
5,25.518913081944234,799.7820220742694,0,1,4.517074639991353,3447.411263913176
1,23.475534931697414,349.386999049333,1,1,2.0337264811672724,2002.609724508823
1,33.31674813682271,468.2318284413793,0,0,3.1760663167310064,2374.774400102168
0,33.327547913755026,624.9759870510522,0,0,3.5442830549193003,2751.7836401300297
1,31.015968006650112,377.7259474401693,1,0,1.8842534858149138,2398.923264889339
4,24.09210792338034,836.5648132923329,1,0,4.913589115202384,3358.0812815520544
1,29.02847884047199,587.4536042340743,0,1,3.99276762391599,2422.373599834685
3,25.31505027148945,294.04467922097155,1,1,3.2312529020442797,2074.8816117884353
3,22.201011250158,714.0591997898282,0,0,1.7223783927012035,2655.2961743565033
6,8.855010597017305,527.6477301447858,0,0,1.2154328279921045,3143.3959795992964
3,29.336125302080088,534.4558912572469,0,0,2.280239330083934,2465.68825056423
6,29.61918427231866,481.0879483875859,0,1,4.012749343653612,2728.0961001316878
3,23.778190103047184,497.011948821249,1,0,2.0773251932081003,2589.0832516557534
4,29.612805313138043,765.3562810662406,0,1,3.1582248819820204,2563.2249435031613
6,24.54454315573364,102.98147933131551,1,0,3.9117887069229726,2994.1237806455238
2,11.200530796302361,334.3628113104822,1,1,1.4317748585858574,1840.5703617152933
5,13.218833819634012,75.50336380388923,1,0,3.7411920644634935,3583.829892505743
0,11.437673591251224,753.2462207474508,1,1,1.3674835508401788,2162.444491997046
3,16.317772496839275,272.30185472029945,0,0,4.860518968507986,3096.558717994291
1,6.168893969307009,897.4304098188842,1,0,2.9535765202597584,3078.54572776507
3,23.547616530136786,526.5784666592938,0,0,1.6027044308395095,2444.51100840459
1,15.096626446661794,800.7497714861211,1,1,2.369534544134186,2700.3713059176275
5,24.671679061422264,978.9314356159612,1,0,2.653665797181046,3610.253661267499
5,16.56189862896695,839.7888594565705,0,1,4.032740044306149,3172.763888900559
5,25.44841006918369,866.9937600115235,0,1,3.973695144306437,3084.8475640664183
1,15.2187370839272,407.9844953648447,0,0,3.447762021349324,3016.0167959544738
3,12.820835847077094,551.7225952593398,1,0,1.4237228502339718,2600.1151698705376
5,19.881123628802186,253.88856404330429,1,0,1.6062774863506943,2897.3443283820566
4,25.786710760758183,196.1130996934528,0,1,1.3750276825822265,1742.4426858431577
6,15.45009813359592,505.5078791060338,0,0,3.3086911331502002,3235.253586586341
1,33.09944455567122,595.0489797004205,0,1,4.508553766045615,2625.81265012207
1,6.175589800269387,339.271245896191,0,1,2.735202049019087,2078.9849180637993
3,17.538380951467364,569.4435177635004,1,0,1.6433926958309848,2578.2549471165753
1,34.02741654560742,887.4604825135029,0,0,3.232169300595868,2816.833044155645
1,21.43915649744262,556.7215847833661,0,0,4.2470088674628395,3117.6783805633186
5,17.704128269243554,720.8130963105066,0,0,3.96684824605172,3968.399900829638
3,22.05560851249875,805.3149673579051,0,0,4.525803118700086,3378.5253166668813
5,22.277737257742537,988.7287819554427,1,0,2.1116083889954713,3668.6892128348177
6,26.949432658989206,603.1974021769796,0,1,1.7758154690710994,2438.5114294719715
6,8.830691882673968,806.850148962586,1,1,4.5192659437677545,3485.533222684964
5,12.50049347648314,962.6493185548746,0,1,3.6302412511120923,3353.9703532620792
6,22.416320370317294,944.4097255772734,0,0,2.2437157200302167,3496.4326916923856
3,31.013498216291662,141.08184877771356,1,1,3.9693922022900368,2009.1957796511456
0,21.856000764313208,406.392308273522,0,1,4.260473537921472,2547.9339174935803
5,12.157905793710206,323.9900611067996,1,1,3.4599129613645294,2943.632682115407
4,25.395343397007373,86.92501495034932,1,1,3.7515364395196604,2218.4454184816805
4,27.197262813421236,633.2407749109606,0,1,2.5010396177706653,1999.7787105298776
1,12.147084572119383,735.9046131960023,1,0,3.1547826693721563,2999.124582177189
6,16.331866585288846,848.1280954668835,1,0,3.096636682904649,3751.788041383995
4,21.029824205916903,122.7768896627085,1,1,4.392191164523087,2218.9655550365896
1,19.89683572049233,876.4440758752938,1,1,4.35985592112873,3033.138489241368
0,16.688542586576105,642.9255636142533,1,1,4.330721877388173,2922.200670585593
3,13.929055235279327,703.9461351385095,1,0,1.0441264570498632,2529.2903598212724
3,7.999546614855902,910.6240035403039,1,0,3.998181937875553,3100.1472169148888
3,6.604558902421067,624.7612710432511,1,1,4.034705560444019,2261.318660663647
4,33.75624490649595,335.86585714983505,0,0,3.7135152914205674,2265.607889356816
0,30.414294322867693,825.1073314226597,0,0,4.025058631565811,3004.817250496849
4,15.647155713881618,363.05921219509054,1,1,4.367881485986835,2768.0371689781223
6,33.70402655379369,34.228110820529125,0,0,2.8812762164071426,2572.801869268309
4,25.3030971327291,830.6545065652498,1,0,3.0082008539537886,2840.383040160977
0,19.475628489279273,345.19214488127557,1,1,1.498856227645562,2038.9105841525313
0,19.79076973315415,773.8345232013403,0,0,2.5415035321894472,3043.231924390555
6,7.4985323358577896,362.75789466594546,1,0,3.5734607196471373,3089.6490973127447
0,7.751124417754433,861.0680199747216,1,1,4.121599104589098,2914.2073305888107
0,23.07322777703357,219.5105250809587,1,0,1.8688363907648422,2405.6510466819923
3,21.611091570374022,974.5472651988699,1,0,1.5512915966369416,2817.947564901832
6,11.381836850726868,779.7587747880308,0,1,3.652168018001969,3505.030878505065
2,33.38583628645071,114.23792592039683,1,1,1.0075195340996426,1271.2040073889793
2,28.438881514136078,565.7766199665605,1,1,1.7134903372293193,1863.1437897265687
0,8.40393806052344,985.3673122417347,1,0,1.116285521375815,2897.195272667192
2,32.92787317061878,471.0654526938144,0,1,1.6675404714194837,2077.5183267403536
2,34.22744625603231,182.10713882158325,1,0,1.725277119702021,1926.7207901498728
0,34.877937260909874,484.7783671503462,0,1,2.550694379001577,1996.859622310354
2,6.676134640320502,512.4576558819216,0,0,2.609308498746224,2605.8042804997203
4,27.111066703730266,741.6869442286655,1,1,4.497049882440951,2543.1850977898107
1,21.37747310494967,698.8458531609044,1,1,3.040438849995301,2600.780106264404
6,26.174944516360835,402.5500435969806,0,1,3.893619062449145,2914.175507644775
1,34.059558319224045,218.02310749408647,1,1,1.4165494316811498,1432.2549591976035
0,25.640900305251172,645.0541677693294,0,0,1.9017550218547754,2671.8258071321093
3,30.108916227121217,421.7039345532818,0,1,3.811773763914707,2148.338412139782
6,31.00606115932524,132.27621112533038,1,1,1.2112158418741124,1832.5693626175685
0,30.15442291291955,900.5723012363857,1,0,2.9463906489750125,3014.1997229694493
3,17.782744251408232,691.2218576096544,0,1,3.3974758626517354,2908.7924750570683
1,11.677292527130916,683.1838564454814,0,0,3.408582576209924,3033.4309103369455
0,16.899548058627555,822.5838759116739,0,1,1.0917312450721681,2677.2544815456695
6,31.756907263303297,529.6616786550811,0,1,2.288432016916742,2435.6425245287774
6,9.398144650760765,815.0544284024571,1,1,3.545962604196616,3305.8978327807054
5,20.399785060771787,498.09075351100574,1,0,1.5959989445969738,3042.980958627782
4,11.996842172735835,67.17539991571009,1,1,3.781662593312213,2398.5421363939377
2,22.43916251680347,405.24808802768877,1,1,3.983700835254698,2538.476986039128
3,30.894155659670115,497.4648939798906,1,1,4.927876761784582,2545.4169219879736
5,31.410799059152506,720.2025816322957,0,0,1.8393679794256377,2798.7774446584062
2,12.100555810462362,106.57873012867437,1,0,4.300522670664461,2605.09984503125
2,32.23081119045639,140.018538660449,1,1,3.081186307674616,1982.65176098752
0,22.75666216463853,263.6838026346164,1,0,2.4938503845766937,2395.2003542429147
2,15.506547401009406,266.49839337088224,1,1,1.4895070293007118,2088.548692511544
4,26.245435867495996,732.1845784590623,1,1,3.9420224259501504,2685.808908415868
6,19.45000963892346,250.73066056159777,0,1,1.9434303965747484,2800.121759098914
5,16.339627703667635,633.0980633574476,0,1,2.485688007492183,3087.6309097707417
2,26.152530928899797,494.2738501382714,0,1,1.2501689075894737,1851.6572993229033
0,12.461724632908638,573.2943781794006,1,1,4.2054676632780765,2745.049116993366
4,14.907575870572956,838.1069631782958,0,1,4.066354095886574,3075.380139650849
1,18.033555334648142,404.3815015490243,0,0,3.93446332016925,2882.986489787533
6,12.610465216194163,770.9113770642705,1,0,2.1977740419675467,3488.9292250031017
6,17.156062603442514,422.03605955068736,1,0,1.693920297063829,3103.928075681338
5,22.14419075615032,353.87137656124946,1,0,3.550213057880919,3525.0430324372965
6,27.22921582732005,958.6271773132206,0,0,2.984665536452878,3484.4182035329122
2,28.01584559325715,184.37092067896322,0,0,1.7130098676185663,1810.950118111842
0,29.683710556300795,90.33696057760787,1,0,3.743645084199455,2781.5139141724253
6,27.326349708298938,770.9859255354785,1,1,4.964505727285214,3483.424454309872
6,25.43118281290727,68.24970535409159,0,1,3.9888783509681507,2951.792261704023
1,12.125194138774098,837.0789907030294,0,1,3.959945546742447,2801.810128026463
1,17.006686786160746,437.1933963572435,1,1,4.801251011722367,2816.530298657002
3,19.33144672640683,915.5136772919141,1,0,1.8117454702996088,3065.9768203253957
4,7.486739650800627,721.5328611219056,0,0,3.2621998596857615,3084.7271562013643
2,20.851103638916275,610.4046670079576,1,1,4.918586860135534,2942.548652569917
6,18.09007494819668,949.3067970577656,0,1,1.6611764438806982,2769.036870201369
6,29.06327747080202,396.6493730520543,0,0,3.801007837778084,2898.7568232385524
0,34.33702006262813,954.086936539633,0,1,3.343240583887608,2679.435080489965
3,21.680151159277536,135.00127742120694,0,1,3.345916368754828,2431.0791908400583
4,14.68059164832751,483.75494193241275,1,1,3.7906825100803005,2719.5605112963563
3,6.302023498945183,269.9112223921949,1,1,4.718467691502736,2707.247342343616
5,32.739299906707885,539.8427789081934,0,0,4.130327759405352,3072.276612884894
4,32.57347145835978,162.0138778915846,0,1,1.22454441366484,1328.1519332751402
6,12.589705039677234,841.5296603100434,0,1,4.410912079502845,3417.7552470594487
6,25.862333693199425,846.4078493145572,0,0,1.9021653197029305,3104.2014007429525
4,7.2630364126930775,955.2363127234789,0,0,2.507656658945488,3142.015875777066
6,9.986462957277588,154.6721408832362,1,1,2.8469312544495287,2513.3649963553053
2,11.504273197594737,623.3325509049907,1,0,2.9236240030122786,3314.48049324347
4,13.834818405182896,474.2373087003696,1,1,2.740721597021427,2561.5893094721837
3,34.87494125088112,344.3837320442332,1,1,4.749413176863458,2391.8204404559083
4,25.907751675914444,351.5401611342188,0,0,3.8240760306560984,2792.305872181172
6,16.5260549413766,412.79355060675226,0,1,3.5246825838268254,3271.5301565783607
2,27.113021175290577,704.9255496889531,0,1,1.1993681111317662,1910.2234267880165
2,32.457630250073194,598.2860582681546,0,1,4.615653321041499,2695.0706340505617
5,33.761072222235384,459.6815127611311,0,1,4.637560768033585,2853.5660299872757
3,6.735916932731222,75.9334103696221,1,0,4.120852253720409,2818.384603667027
1,16.835653958243896,77.76534407895707,0,0,1.0281168152544766,1996.8314115603164
1,8.202681978076532,2.3393906257782593,1,1,1.2291210043104934,1670.8636536962717
4,15.069801943908896,967.6993882070865,1,0,1.900894809073959,3174.030221580444
5,10.090397116866967,5.253818558384915,1,1,1.5253976325796268,2169.1090251217256
0,24.405450850061715,103.09374601374488,1,1,2.5953441188149178,1966.3481195342176
4,16.648051519696168,314.5965568094109,0,1,4.690492232351159,2971.2751735271027
5,11.88184237114849,807.4302518167613,1,1,2.888241736787993,3125.6249661009942
3,12.978137748927168,962.0987857641177,1,1,1.0536105057286624,2664.023415655583
3,15.810352856158048,790.0135587918561,1,0,2.130982758315048,2864.7833545897765
3,12.798495885627881,690.5602324456406,0,1,1.1783796334918462,2638.4956784200867
3,18.59722540486493,521.3006674135694,0,0,1.1451504904540086,2655.8439176412157
3,5.969478533289514,86.7052118621836,0,0,2.102879412382209,2477.79200780366
5,13.392905215068371,958.1707930039304,1,1,2.1024493547157816,3339.622739662417
5,17.33620162616559,758.3924139456815,1,1,4.148506410406416,3524.921141112265
2,23.083456460698955,638.9493853342618,0,1,4.899338611124447,2967.463477744218
1,13.128729275453896,759.0358455388498,1,1,2.484828375559993,2627.58911030357
6,8.995553756712491,724.1033292731386,0,1,2.7155475154441544,2799.5836933749683
3,7.286011387974894,637.2315797894869,0,0,4.379157745144086,3221.3070564696723
0,33.215954814061504,980.5768001799881,1,1,2.0725560803820535,2139.1685116085923
6,17.499171732154377,903.3638126360249,1,1,1.6255272176137918,2907.572054360037
5,22.434878635424788,646.6649191171634,1,0,4.412358493614602,3772.201250219699
0,32.575296555066785,693.1752114569248,1,0,1.186002345760262,2222.6154704306346
0,7.482452601059184,51.595806658709996,0,1,3.478797760797663,2265.6654365091294
0,31.299844577773783,669.9174645500392,0,0,3.247971389867227,2578.1917969664028
2,21.5476361763221,44.16543771010018,0,1,2.383681790006777,1845.0152764026989
5,9.945027834110029,588.263756969931,0,0,2.260758084389436,3443.657861422342
0,17.33765349756107,999.3534995658349,0,0,4.087430904726485,3588.815774820774
3,28.328068512056767,555.8065814371796,1,1,1.345698443050186,1692.343692262157
4,19.41110245599064,473.2101180813334,0,0,1.9471372372455416,2674.326600663472
0,34.55858151996513,312.8548565055875,0,0,3.929794927352359,2671.6712073643084
2,16.302169098138222,120.52257878646444,0,0,3.193282334905697,2624.222840372944
6,27.487348999282162,731.0236714582816,1,0,1.5119528341343456,3102.297688482966
5,16.789683469365773,192.59902778563043,1,0,4.528542457128241,3378.689172299794
2,29.87492662119543,115.28202124728438,1,0,2.573791386254366,2140.2186043674233
0,22.07244407497243,421.7626597305125,1,1,4.311473501288692,2751.0068362605407
5,6.905354887700041,795.3418379590975,0,1,4.150852062110834,3356.489279583692
4,6.104656029079742,745.0645481202204,0,0,3.497701785886912,3222.1221559532964
0,9.015563564018995,54.88261464647493,1,1,2.977924525180372,2123.7532643080035
2,5.410158944809918,455.1436850361561,1,1,4.918203361527027,2992.8713402587537
1,7.2607718105738694,522.434576071169,0,1,1.5798602895192682,1867.0058676951144
3,25.75143191506736,644.5466506258222,0,0,3.900622910204459,2940.6399425803843
6,21.03038825088389,650.1673504432282,1,1,1.764762805859156,2629.4947250060895
2,27.497322484099154,364.6972494573059,1,0,2.3530524213293935,2235.0112331400114
5,32.39497256772928,560.677194003514,1,1,2.234794973492781,2322.574018798583
0,22.55448596976416,481.0618838440864,1,0,4.7881439509548915,3141.0025914810058
3,26.78362532215544,884.998356523281,0,0,4.869424711153101,3362.320008007862
0,27.712436061273678,530.2651326349002,0,1,1.7320617769389086,2053.369768406759
5,16.335516478273593,441.0321617481616,0,1,1.0881406411900167,2461.929279266642
0,12.232544969888956,404.48544968185075,1,0,3.8800321586524524,2967.937417722896
1,11.151359855195746,572.4277594334657,1,1,2.6719597354819373,2332.230754335577
3,12.543273185353954,803.9769794008977,0,1,1.3553609803502575,2580.9342085921458
3,13.241953910777264,538.4014903807875,0,1,3.73501642230817,2594.442961562436
5,11.216829470241693,661.6551750805415,0,0,3.1804221130427988,3519.8566239808615
6,31.346620024375767,737.855766906525,0,0,4.922067288004424,3668.3454365932976
1,27.70997396516686,520.1681098787319,1,1,1.9096379834455157,1924.418564462448
2,6.406894033736598,426.81705665486436,0,1,2.615911505306193,2310.924534144326
0,13.060174460759221,876.6653778624494,0,1,3.1701832135816916,3116.586139159047
4,5.665542260909049,417.50608402789214,0,0,4.166799953813406,2915.7878851210953
0,19.94495559937679,461.9428505755876,0,0,3.195354626880235,2995.5181750404745
0,19.286320903670426,990.3413133417771,0,1,3.451600643447797,2642.9904189124104
2,29.941144701875036,0.2375235758845795,0,1,1.904588206359763,1468.5155300492313
0,14.233317193131484,185.47290957672246,0,1,4.387674912354239,2630.6479484655165
1,29.49157205639187,383.9638899197257,1,1,2.714522187881903,1857.3836260603591
1,34.03921296319469,932.5899094252529,1,1,1.563838510087077,2118.810640972391
3,7.652246700969397,70.02970574747103,1,1,3.6567516580216695,2325.9325806402653
5,28.754535184088986,9.485433628498075,1,0,1.86436181274123,2185.8905597268717
6,22.69867691412908,52.68383597722859,0,1,1.390250040957199,2010.8758396787728
4,19.401379010554255,88.54341061361815,1,0,4.447947633617089,2856.1048755123124
0,17.616073359952253,37.59677320626087,1,1,2.8406490579537587,2188.7879887732
0,28.540047918329286,479.7813268565048,0,1,3.9971348507831057,2487.762650328394
2,24.18084070922727,580.7572072273277,0,0,2.1623502392254204,2638.2840141832935
5,29.151340025580858,271.6869710690041,1,0,4.147880539670665,3191.6123447742825
1,32.09453176029879,398.2873839756356,1,0,1.4477437080861213,2230.864802269871
4,23.51791136291876,91.69933511143013,0,0,2.423893495179411,2240.4321109719144
3,34.41388175277133,336.3704638284221,1,1,4.912247271894114,2177.8414599574576
1,23.242635486256557,522.519191634523,0,0,4.175958865472024,2980.6520671740964
5,24.099329648668476,732.2718071846451,0,1,2.9890237212587527,3040.565491881024
6,21.64446825626677,3.346362042979223,0,0,2.3591098862475404,2676.4240027156907
3,7.730062731539908,467.31076653765257,0,1,4.488542800089906,2594.395457723319
6,26.79191097950685,297.0028764548822,1,1,3.1793910363380626,2679.378444622407
2,21.423389206973347,852.8218216919014,0,1,4.033700071476444,2919.958412594067
2,18.527313422483132,715.553315234242,0,1,4.016430721264657,2842.1088253434673
0,32.31413835209819,589.1085344708948,1,1,1.0717827142739673,1505.0588233591666
6,13.938783546258515,277.26564569677356,0,1,1.5050151311704538,2590.452850377984
5,20.708068280450334,910.3391020575343,1,0,3.638517465578969,3639.2321312219547
4,25.9292561448039,45.100677220323185,1,1,1.6464792451434858,1784.9611122417239
3,28.894153270216318,109.46759867911516,1,0,2.0219733786224188,2028.83598356951
1,18.780404238385174,391.6301405403561,0,0,4.786551816798429,3007.767540207037
5,30.26274245056129,124.43755729685635,1,1,3.2407290334996475,2380.5820879385683
5,28.067532239461926,956.415697559425,1,0,4.002918027997389,3864.295134226989
2,6.9870793355559755,797.9893221433833,0,1,3.2319229551305595,2739.0108061791907
6,6.3758379921389885,258.98265160181364,1,0,3.210054459130901,3123.459725462691
0,23.62417053266274,588.5542289732454,1,1,1.3766076405027916,1888.5255364422442
0,15.422402246762427,982.3305150800816,1,0,2.374652770436412,3491.362913713423
3,11.273923732355424,884.1989781315029,1,1,2.129723594746047,2528.277537319689
2,22.38949803415215,600.798446442198,1,1,2.562913462454453,2511.604095550936
5,15.24689631369635,903.7239671752704,0,1,4.193376752897313,3605.4432031560764
4,21.1179025014221,989.1849098133589,1,1,2.4877306716674594,2830.983168014002
2,18.80357476950716,743.3528228936242,1,0,2.806787276926731,3237.963584996322
3,22.54298317847461,64.98640948289403,0,1,2.589525561941266,2040.82533510646
3,17.009014667308442,401.58023642548744,0,0,1.3736318879011824,2649.098370665364
2,25.93002721090795,837.8257352832454,0,0,2.764288633003135,2880.45165057664
3,10.402018170478957,230.569195805019,1,0,1.7824370921780601,2337.9083988830744
2,25.895043986812368,830.6425177506246,0,1,1.746893183092166,2307.7861346824334
1,17.349836430725844,120.33876203499594,1,0,1.3761444177370654,2250.017624388252
2,31.229528145632514,46.945357147813006,1,0,2.426683896567059,2406.0877772845606
6,20.457081645926326,384.09061149124955,0,0,4.029927539157669,3300.691804673167
2,34.19331047810313,36.73193742661363,0,1,2.1057667623335843,1625.0523705534752
3,23.058061866228805,957.2702629833257,1,1,2.2493964075420543,2651.5331610890594
6,11.715471977189617,826.2056957939659,0,0,3.5706986306896944,3811.0492733073906
3,29.653719105333476,800.769687129875,1,1,1.7833632503476755,2379.6597416005065
0,15.352478834671603,629.777922996153,0,1,4.587831721694137,3055.570935585779
0,15.428576434480505,216.3240230365535,0,0,3.080762093006218,2681.118306034709
6,5.9541404445549535,518.2603666763922,0,0,2.790411761280868,3245.0744155219472
1,21.461459276222257,597.274072430341,1,1,3.2312807677168056,2502.7548928651822
0,21.03270511197569,525.0315008602681,0,0,1.6641372536647818,2647.3641983843977
2,15.679744528159583,260.23336795152727,1,1,3.453892554556705,2600.5339141722
3,31.826517886877774,515.2479243147259,1,1,2.4524029465360417,1869.0202007980456
0,8.862451948989317,491.18634086862653,1,1,4.588745363858475,2905.872121636698
0,14.902985399304661,996.3357758067243,1,1,1.6754168267107445,2691.006571236399
1,14.64748294040087,897.4361480462038,0,1,3.028204415461764,2979.556378143669
6,7.768717586862382,463.3807482156199,1,1,3.392450517476072,3024.810755221686
6,19.434361821688796,622.9373829351186,1,0,1.133534407145525,3147.1342367211305
5,25.63354151288249,747.8716040922285,0,0,2.454772499024561,3253.879260044335
1,20.349710406417834,34.86516023382491,1,1,3.930540938803331,2180.219366456291
2,9.70933048148581,894.9214412278399,0,1,4.281510029795893,2973.1698972905237
6,16.318578957262176,860.1268164179238,1,1,2.2526479792691294,3433.849470149631
3,5.077850731509397,457.4320977737073,0,0,4.194373089531005,2777.27585250109
1,31.049033211067606,391.1697660803798,1,1,4.871023508413556,2297.783017520542
0,7.535510230420458,272.9593748563149,0,0,4.427495744300376,2765.459632186184
3,22.918342467662917,476.6768283303684,1,1,1.4705759526373008,2058.269461149517
3,34.58770987600445,44.37666353323677,1,1,3.9589213283421625,1610.9484827167173
0,21.097719379619974,852.1935333470078,0,0,2.278667329762179,2751.5227328212836
1,32.72125277322299,35.42236841854507,0,0,4.953663957648306,2448.289878123919
0,12.08349599352213,329.051365369871,0,1,2.9414359326395485,2170.8668418347347
5,27.79866226812757,931.5894883189899,0,1,1.4897355934357641,2578.3181449060976
3,20.937972619206022,735.2126545234528,1,1,3.900742192109563,2598.139122060053
4,26.615481841743946,281.39096057752676,1,0,2.2920447935448554,2208.0655155486747
4,6.8702408753372435,252.6490939608851,0,0,4.988312628326646,3065.576003094716
2,9.432172757186802,5.082139818025966,1,0,4.919129831418088,2964.213054271805
6,8.993507857624348,695.7142928497502,0,0,3.6245360720823228,3889.1340184077862
0,25.61496516209993,48.783581673173096,0,0,1.5193057958068703,2306.793348413936
0,30.333220179008862,532.602519400762,1,0,3.7474439907001162,2833.521114772434
2,27.48848696025762,962.1219725920498,1,1,1.3721219458401088,2423.6190096540877
2,5.914164582007825,109.46886005445388,1,1,1.1174566364095693,1658.1566663885992
2,31.0164494322417,894.4799309680675,1,0,4.291833784885944,3171.436946586232
3,15.624400123793764,991.4753351450481,1,1,1.8390117907347254,3033.7910797766463
5,16.914914975122475,61.51702623923505,1,1,2.5161085048763896,2650.6698029215163
0,8.146074995974427,882.9062691374613,1,0,4.893829559904693,3652.4589639519268
3,27.122156182814575,516.0790204436166,0,1,2.347362007444413,1978.5181910725619
2,10.46851635427874,906.51371944458,0,0,2.185959125133261,2926.5224825719442
0,21.91895276056509,571.3189419195741,0,0,4.672831998491101,3230.863410086172
3,30.221299576337934,662.1120101065646,0,1,1.4429937812758324,1984.1391275597891
5,7.6761298613616855,543.7789079973993,0,0,4.038329640458527,3429.9828222197407
3,21.060066920465704,864.4928803073485,1,0,4.952262266611096,3861.3513875438093
5,11.996492346494037,733.9099189537018,0,0,4.605184043098595,3943.9486297647313
2,15.287805928347808,521.2603121804149,0,0,3.6066716748257037,3063.299649031339
5,19.219098242916687,868.160804051547,0,0,2.256243179970928,3541.947156052017
0,15.653129098379143,245.28553225533457,0,0,2.017287924713267,2583.9061431872915
2,24.46468520874728,157.34065970252598,0,0,4.2770204194858445,2725.5064375804345
0,19.387463052627506,160.4001053300721,0,0,4.519287655806782,2661.4961715439335
4,22.52598454142508,334.0088787452379,0,1,3.1017396501827714,2455.567501275022
1,27.104674261847386,238.6900313010175,1,1,1.9773597631458646,2025.608162880438
5,21.73226797851312,930.0903505097386,1,1,1.4517728336446942,3153.0069235868086
1,22.596063039822774,105.834093828584,0,0,1.3487178713273247,2175.3437219140933
1,21.933756275679237,698.9907380395877,1,0,3.8763097894154224,3225.814019069055
5,16.363178778538682,189.2215397850059,1,1,2.6804749113909,2616.642808548937
2,15.123405016157543,881.6371327703501,1,1,4.621439497111481,3350.8303544434584
4,31.98942191435037,961.3152881849074,1,1,3.9586852029070547,2688.8747697329163
0,23.226656668807184,465.47000876998356,0,0,1.7650416716583468,2409.523648937554
3,12.330594663939635,879.0714802281317,1,1,3.455109675262796,3043.9086628993796
0,19.947430935468205,5.145170754714767,1,1,2.7420218175926374,2139.6149274719182
3,14.91045443842742,819.9469174081001,1,0,3.3089989230744523,3324.1622770454333
0,33.01075471279624,228.62516152492353,0,1,3.9522764933540686,2098.7901735261257
5,5.226030894022243,908.7013092693679,0,0,4.224783524015163,3623.94112724916
4,11.759983931375846,1.120111480109487,0,0,4.374949305626897,2965.1629838328963
3,15.960704590221729,556.181735039757,0,0,2.015899498288099,2684.4821717775385
6,19.63429402426214,756.6358037849346,0,1,1.1244623996694307,2685.3584550220935
2,30.524525535084386,258.688330697908,0,1,3.9571789406590927,2141.9980334521942
0,7.636628736204316,193.13286458729306,0,0,1.4253749050230984,2385.857577393352
0,29.1759466022343,84.09822446798465,1,1,2.2596783544518706,1861.0281473800821
3,6.66960468070926,326.43357650329295,1,1,1.0152685364973886,1813.5650156376205
2,30.269421058945447,559.8443123088294,1,1,3.7266779296064803,2451.080408338068
2,6.549064336235385,115.84385678025765,0,1,1.668528045884885,1519.4938572889105
5,5.547274442850831,376.6953619867988,0,0,3.6211296387666327,3134.1024521088575
6,25.908843870992648,9.072404652724963,0,1,4.966970468671356,2668.5441354071318
5,34.91766604305183,818.6794204998417,0,0,1.2906834864400651,3003.3821888603043
5,31.898307889220625,128.44871809319136,0,0,1.3083120478058428,2455.670271795304
5,22.279952534169798,283.3429482655816,1,1,2.3615203706666996,2608.277773106401
5,32.52186839256595,18.427718738217468,1,0,4.465546057005368,2924.4555941890753
5,5.159000191928163,432.2407838925123,0,1,1.8621194751653274,2758.2374193094392
4,34.252014888354275,840.1215027412188,0,1,2.4415112797213903,2157.312061510642
2,19.722463377763532,392.1512114451966,0,0,1.2740216265079183,2229.741296844729
5,26.68688289865327,179.4973234238334,0,0,4.052621165035557,3266.594882445876
2,29.625844194600578,753.6988340505192,1,0,2.6332253710378044,2718.104671190718
2,26.55371812509661,788.8069818707443,0,0,4.036994932243371,3234.8837799172384
1,21.051101961347317,173.7534753075668,0,1,4.614431377387181,2473.641275775094
4,19.298584523792357,770.8541085409898,0,1,1.931052588405155,2348.132840244468
5,30.157476761078744,947.297888256338,0,1,4.229584121359805,3309.4540902071158
0,11.152326804483774,166.37758693227232,1,0,1.236375560313013,2266.473246354148
3,34.03982199512703,770.9842925321356,0,0,4.59538955272099,2992.412027147257
6,26.328574365102448,708.5720046026294,0,0,3.6030741902349894,3690.1007848936406
0,10.985207820149594,473.5738884350885,1,1,4.496906896553407,2592.991353055535
4,27.087415510954646,57.92046055879829,1,0,1.0007535982263276,1926.7524218350623
3,20.895200695433502,74.69441775785401,1,1,1.67632428142397,1695.3148661042705
4,26.216902869333335,852.4146591986477,0,0,2.5590375497059683,2468.650255252103
2,28.033385043285165,990.148372750647,0,1,2.5180116134988744,2497.3746912484044
3,7.618705387690263,676.0522571867544,1,1,1.9069215316940427,2305.440714268891
2,20.18311869078041,445.95830701032145,1,0,2.5264477594688004,2800.0909522212182
0,32.96043026770802,647.5736434019076,1,0,1.5153948480010193,2249.693864002898
0,14.619265764785428,594.3958592285453,1,1,2.651044517064104,2370.953510470624
3,22.816492926736963,383.6122604056218,1,1,4.209417316637056,2390.9137472615707
3,16.076914445296886,65.62614457401294,1,0,2.916280252413405,2800.9933582859903
5,18.62803916657299,821.512947407441,0,0,1.07200035578086,3137.2750646913405
4,21.458093538144595,371.83352923872457,0,1,2.6857761663169897,2478.3630799639154
5,21.46765939666932,818.7856433570937,0,0,1.1087000643633766,3340.236389543978
4,11.051913869907075,252.5087496883822,1,1,4.864973642827193,2608.8920537629465
5,25.537146436395,1.0294798456333965,1,1,1.5098158376914759,1977.3104838575475
2,7.6360433372797045,158.93828327675652,1,0,3.830753305322475,2829.569533173878
3,9.164743203260612,468.5394167685844,1,0,4.891105291568343,3141.8582010623118
0,5.08132698242989,944.3036349578299,1,0,4.3041562066662875,3086.8664378174244
4,8.50088192425044,102.19361969371899,1,0,3.7972615005048147,2730.5811466769396
4,19.194986031556766,854.209774461566,0,0,4.357843638003068,3491.6764834018913
0,23.18305643167516,527.0240962118621,0,1,4.92719477304251,2932.222469034954
5,28.828683498993872,825.9207657998966,1,1,3.4853779890141183,3095.3909553769695
4,8.200977503403081,298.3744309899926,0,0,3.236739227317306,2599.7046688006903
6,30.521823800493642,839.9471646724719,1,0,3.5129524418531255,3599.345332034114
2,27.379235766461544,772.8227800168045,0,0,3.13070354704622,3078.0704253306676
3,17.255548788077505,230.05368303143393,1,1,3.540356423638875,2459.428662108378
0,32.98814201299864,131.33512640937806,1,0,2.799368831890237,2134.3458942955367
3,34.727884293721715,868.0543225322929,0,0,1.8737727315332284,2278.870822055063
6,11.150054301597118,963.2366534401318,0,1,1.4809889060467025,2960.159781657388
4,16.37685754891401,31.30231374751624,1,1,1.2733637421290416,1952.524319250304
4,32.79348270769134,731.2700669736855,1,0,2.0532631350128003,2378.2721542963636
6,26.647896522538314,909.5245109478184,0,0,1.1844942573429353,2896.5558841416937
0,6.442839318922631,857.3600920924987,0,0,3.2686831196775423,3607.291545617201
2,28.445434452542447,964.5204722702085,1,1,2.135313788094081,2175.8052080947064
1,29.838226615324757,760.0940784380972,0,0,4.298139232348129,3361.0690202254787
0,27.515057742959407,442.29876238091026,1,0,1.2969634919535458,2191.666459316916
1,28.986113927585468,311.9519904951305,1,0,1.9054059773659437,2198.374920170158
6,29.753980300783915,320.74274043812744,1,1,3.9209845883605836,2597.3299601709614
5,10.592149603644323,724.422672614117,1,1,3.3952331855339657,3343.7748380181006
1,12.070752381949994,745.8370120309643,0,0,1.2579650849966701,2544.419066116093
2,24.01275691160532,200.35914354871264,0,0,4.508957828648802,2515.646817785445
5,32.23598391387548,868.122813490531,0,1,4.509047051304718,3420.7538730438946
1,14.485897468894839,714.9240402022476,0,1,2.3216320155030954,2500.2466995082154
6,22.6492002738517,562.7502863433826,0,1,2.361623373398259,2904.9621134697595
5,25.489461902513973,471.5324601025127,0,1,4.956113433400695,2990.9463861522977
6,18.558458038971178,543.2328057899581,0,1,3.504704686372553,3235.036597171529
1,26.413473645659778,159.24573827926446,1,1,3.1252660822722365,2262.577572524833
6,31.990023358765193,203.7012492762742,0,1,4.352608734207697,2544.713837687336
2,23.72304632545513,91.16449040619167,0,1,2.1411613534292657,1549.4563072292553
1,21.19343185743899,153.65803816111267,1,1,2.7167303735854276,2333.7886365192917
1,18.162340261650172,453.6936346052827,0,0,2.0711067019533367,2821.2426884541223
1,22.32458812718377,530.3543937282561,0,0,4.156643386354926,2964.8388633723807
0,15.660873554551877,17.861892478319376,1,0,3.293397382540872,2620.4499758639768
0,16.744463306045056,796.7978278640276,0,1,3.635300280560282,2745.5665897844738
0,20.95572439064522,294.1679733434779,0,0,2.009228999357626,2671.546986693245
2,6.998573371724509,911.8360349599111,0,1,1.8809012055092604,2385.3989290499194
5,11.87076172774389,967.5112636137777,1,1,2.953498515931755,3158.025285277569
6,21.285479318402267,185.45887467665435,0,0,3.950262996371307,3281.9022016903873
4,17.945844294093277,462.09729076566066,0,1,3.1009590300806407,2372.4923055690774
1,14.984473577374528,1.2318351664258875,1,0,1.1305827101826744,2072.1340311114454
6,26.916474104279043,598.327265122427,0,0,4.4742060252811555,3451.4939134615097
1,25.811528222100154,607.3064482626712,1,0,1.2587475740605263,2426.2021240842932
2,10.001922799801495,247.53995560337515,1,1,4.8232979348830085,2405.582772066135
1,31.358873461203146,558.412672583198,0,0,1.100567833109091,2383.8498396341306
0,19.86270879211897,225.54014244373545,1,1,3.777801824522835,2491.685171905854
4,27.243827334171364,160.82546907819005,1,0,1.3288282548471266,1972.3067575909267
3,22.194525477721662,651.5194668022647,0,0,4.642706317740558,3098.4195497137234
1,34.9307784777153,325.9254639520749,1,0,2.857732944902171,2220.979787873135
6,27.57209360116468,590.2639388856225,1,1,1.5500950992680615,2639.9826190405283
0,26.20941383730377,433.2467489716556,0,1,2.3632627991593864,2194.6551479700406
3,28.35715817152253,984.351407402904,0,1,1.6592987013870482,2477.4017661217335
4,9.29383956645409,149.58064266756577,0,0,1.68232764622836,2212.8886067262993
3,11.136337795083898,464.59859663581017,1,0,4.792433280685769,2775.516890418817
0,26.421922466708423,680.4566263593252,0,1,2.7809844491391527,2545.076196601475
5,19.81944461392588,395.5450838799687,1,1,4.155209055621438,3077.8151183496334
5,27.639058755803497,974.6998518706898,1,1,3.5584222447107274,3312.197477585342
3,8.08748092232435,721.887627926935,1,1,3.705705449353569,2961.6599330780377
2,21.094440544537843,656.9838575644931,1,1,1.526773753888154,2613.269915478742
6,16.364646966707472,757.0592676112233,1,1,1.9367377872619427,2954.58234081902
6,18.71000657845035,952.648638038717,1,0,4.147001340617748,4000.3129672758596
3,23.118736162175374,907.8186529846402,1,1,4.883064825899131,3264.331271793094
1,20.068650423875905,724.2853081264119,0,0,2.050702570394607,2710.8673950853245
1,21.195819113385102,749.1616391012831,0,0,2.0862750590041594,2743.393010611741
6,19.590724459868234,145.92207403514544,1,1,2.8915885312436194,2569.127844911962
6,17.268655312564796,102.7924044926657,1,1,4.935361251421751,3097.032967490336
5,28.156459417947353,570.9045018441643,0,0,2.0758357833058843,2944.178423554592
2,5.366092169541336,18.36763694054,1,1,2.6278876385370555,1762.1851040076344
0,22.95328103615681,482.35638155159154,0,1,4.565920062494027,2515.6070743144355
1,21.965250419689216,210.3495799188686,0,0,1.011684130485448,2283.4500267008016
6,26.485372241988564,346.01656764483954,0,0,1.1590638599542782,2864.739511991988
5,22.970880943319795,775.8047357929561,1,0,3.416286708284877,3787.181921117609
4,29.80396483427235,941.2375042323865,1,1,4.629520658851388,2762.614156520344
5,33.772243836920836,72.4162721463415,0,0,1.9554266416077106,2513.9097317695814
1,15.275727715356302,534.2422059764451,0,1,2.878567098722836,2630.2842384742007
1,11.82052949089961,882.5334858196001,0,0,2.801861206631273,3085.4142124169243
5,17.707905872614486,82.50853444042127,0,0,2.8918853843820407,3173.27946105654
0,13.637888494271785,824.5140468968339,0,0,3.4900787829189808,3224.272890822592
3,23.448507894579635,357.80135092827135,1,1,2.878975051962735,2152.1543638805215
1,32.35557226528894,322.0947022193353,0,1,2.7898725652898313,1688.473651499222
5,9.173485824291856,977.4663863147857,1,0,2.897153681725042,3616.975255510609
